{"f1": 0.8020285958694855, "recall": 0.7839506172839505, "precision": 0.8282241014799154, "accuracy": 0.8611111111111112}