{"f1": 0.9622966507177034, "recall": 0.962962962962963, "precision": 0.9660714285714286, "accuracy": 0.9629629629629629}