{"f1": 0.7121150036404273, "recall": 0.7407407407407407, "precision": 0.7254464285714286, "accuracy": 0.7407407407407407}